<?xml version="1.0" encoding="UTF-8"?>
<beans xmlns="http://www.springframework.org/schema/beans"
	xmlns:xsi="http://www.w3.org/2001/XMLSchema-instance" xmlns:p="http://www.springframework.org/schema/p"
	xmlns:context="http://www.springframework.org/schema/context" xmlns:tx="http://www.springframework.org/schema/tx"
	xmlns:mvc="http://www.springframework.org/schema/mvc" xmlns:task="http://www.springframework.org/schema/task"
	xmlns:util="http://www.springframework.org/schema/util" xmlns:jdbc="http://www.springframework.org/schema/jdbc"
	xmlns:jpa="http://www.springframework.org/schema/data/jpa"
	xsi:schemaLocation="
    http://www.springframework.org/schema/jdbc http://www.springframework.org/schema/jdbc/spring-jdbc.xsd
    http://www.springframework.org/schema/beans http://www.springframework.org/schema/beans/spring-beans.xsd
    http://www.springframework.org/schema/tx        http://www.springframework.org/schema/tx/spring-tx.xsd
    http://www.springframework.org/schema/context http://www.springframework.org/schema/context/spring-context.xsd
    http://www.springframework.org/schema/task http://www.springframework.org/schema/task/spring-task.xsd
    http://www.springframework.org/schema/mvc http://www.springframework.org/schema/mvc/spring-mvc.xsd
	http://www.springframework.org/schema/util http://www.springframework.org/schema/util/spring-util.xsd
	http://www.springframework.org/schema/data/jpa http://www.springframework.org/schema/data/jpa/spring-jpa.xsd
	">

	<context:annotation-config />

	<tx:annotation-driven />

	<mvc:annotation-driven />

	<mvc:resources mapping="/resources/**" location="/resources/" />

	<context:component-scan base-package="com.betvictor" />

	<bean
		class="org.springframework.web.servlet.view.InternalResourceViewResolver">
		<property name="prefix" value="/WEB-INF/views/" />
		<property name="suffix" value=".jsp" />
	</bean>
	<!-- <bean id="gameManager" class="com.lottoland.game.bsl.GameManagerImpl"> 
		<property name="game" ref="game" /> </bean> <bean id="game" class="com.lottoland.game.objects.Game" 
		/> -->
	<bean id="randomText" class="com.betvictor.app.ws.client.RandomTextClientImpl">
		<property name="urlRandomText"
			value="http://www.randomtext.me/api/giberish/p-{nP}/{minW}-{maxW}" />
	</bean>
	<bean id="taskManager" class="com.betvictor.app.bsl.TaskManagerImpl">
		<property name="randomText" ref="randomText" />
		<property name="daoManager" ref="DaoManager" />
		<property name="factory" ref="workersFactory" />
		<property name="sharedResults" ref="taskResults" />
	</bean>
	<bean id="DaoManager" class="com.betvictor.app.dao.facade.DaoManagerImpl" />
	<bean id="workersFactory" class="com.betvictor.app.bsl.workers.WorkersFactoryImpl" />
	<bean id="taskResults" class="com.betvictor.app.msg.object.TaskResults" />
	
	<!-- Datasource&Persistence Configurations -->
	<jpa:repositories base-package="com.betvictor.app.dao.repository" />

	<jdbc:embedded-database id="dataSource" type="H2">
		<jdbc:script location="classpath:create-db.sql" />
	</jdbc:embedded-database>

	<bean id="jpaAdapter"
		class="org.springframework.orm.jpa.vendor.HibernateJpaVendorAdapter">
		<property name="databasePlatform" value="org.hibernate.dialect.H2Dialect" />
		<property name="showSql" value="false" />
		<property name="generateDdl" value="true" />
	</bean>


	<bean id="entityManagerFactory"
		class="org.springframework.orm.jpa.LocalContainerEntityManagerFactoryBean">
		<property name="dataSource" ref="dataSource" />
		<property name="jpaVendorAdapter">
			<bean class="org.springframework.orm.jpa.vendor.HibernateJpaVendorAdapter">
				<property name="generateDdl" value="true" />
				<property name="database" value="H2" />
			</bean>
		</property>
		<property name="persistenceUnitName" value="H2" />
		<property name="packagesToScan">
			<list>
				<value>com.betvictor.app.dao</value>
			</list>
		</property>
		<property name="jpaProperties">
			<props>
				<prop key="hibernate.connection.url">jdbc:h2:mem:appdb</prop>
				<prop key="hibernate.connection.driver_class">org.h2.Driver</prop>
				<prop key="hibernate.connection.username">sa</prop>
				<prop key="hibernate.connection.password"></prop>
			</props>
		</property>
	</bean>

	<bean id="transactionManager" class="org.springframework.orm.jpa.JpaTransactionManager">
		<property name="entityManagerFactory" ref="entityManagerFactory" />
	</bean>

</beans>

